Workbook

Sheet 天猫
B3: TM
B5: 分类
D6: ='1'!B1 -> 0 | E6: ='1'!C1 -> 0 | F6: ='1'!D1 -> 0 | G6: ='1'!E1 -> 0 | H6: ='1'!F1 -> 0 | I6: ='1'!G1 -> 0 | J6: ='1'!H1 -> 0 | K6: ='1'!I1 -> 0 | ... U6: ='1'!S1 -> 0
B7: 人群量级 | D7: ='1'!B2 -> 0 | E7: ='1'!C2 -> 0 | F7: ='1'!D2 -> 0 | G7: ='1'!E2 -> 0 | H7: ='1'!F2 -> 0 | I7: ='1'!G2 -> 0 | J7: ='1'!H2 -> 0 | K7: ='1'!I2 -> 0 | ... U7: ='1'!S2 -> 0
B8: 性别 | C8: 男 | D8: ='1'!B3 -> 0 | E8: ='1'!C3 -> 0 | F8: ='1'!D3 -> 0 | G8: ='1'!E3 -> 0 | H8: ='1'!F3 -> 0 | I8: ='1'!G3 -> 0 | J8: ='1'!H3 -> 0 | K8: ='1'!I3 -> 0 | ... U8: ='1'!S3 -> 0
C9: 女 | D9: ='1'!B4 -> 0 | E9: ='1'!C4 -> 0 | F9: ='1'!D4 -> 0 | G9: ='1'!E4 -> 0 | H9: ='1'!F4 -> 0 | I9: ='1'!G4 -> 0 | J9: ='1'!H4 -> 0 | K9: ='1'!I4 -> 0 | ... U9: ='1'!S4 -> 0
B10: 年龄 | C10: [18,24] | D10: ='1'!B6 -> 0 | E10: ='1'!C6 -> 0 | F10: ='1'!D6 -> 0 | G10: ='1'!E6 -> 0 | H10: ='1'!F6 -> 0 | I10: ='1'!G6 -> 0 | J10: ='1'!H6 -> 0 | K10: ='1'!I6 -> 0 | ... U10: ='1'!S6 -> 0
C11: [25,29] | D11: ='1'!B7 -> 0 | E11: ='1'!C7 -> 0 | F11: ='1'!D7 -> 0 | G11: ='1'!E7 -> 0 | H11: ='1'!F7 -> 0 | I11: ='1'!G7 -> 0 | J11: ='1'!H7 -> 0 | K11: ='1'!I7 -> 0 | ... U11: ='1'!S7 -> 0
C12: [30,34] | D12: ='1'!B8 -> 0 | E12: ='1'!C8 -> 0 | F12: ='1'!D8 -> 0 | G12: ='1'!E8 -> 0 | H12: ='1'!F8 -> 0 | I12: ='1'!G8 -> 0 | J12: ='1'!H8 -> 0 | K12: ='1'!I8 -> 0 | ... U12: ='1'!S8 -> 0
C13: [35,39] | D13: ='1'!B9 -> 0 | E13: ='1'!C9 -> 0 | F13: ='1'!D9 -> 0 | G13: ='1'!E9 -> 0 | H13: ='1'!F9 -> 0 | I13: ='1'!G9 -> 0 | J13: ='1'!H9 -> 0 | K13: ='1'!I9 -> 0 | ... U13: ='1'!S9 -> 0
C14: [40,44] | D14: ='1'!B10 -> 0 | E14: ='1'!C10 -> 0 | F14: ='1'!D10 -> 0 | G14: ='1'!E10 -> 0 | H14: ='1'!F10 -> 0 | I14: ='1'!G10 -> 0 | J14: ='1'!H10 -> 0 | K14: ='1'!I10 -> 0 | ... U14: ='1'!S10 -> 0
C15: [45,49] | D15: ='1'!B11 -> 0 | E15: ='1'!C11 -> 0 | F15: ='1'!D11 -> 0 | G15: ='1'!E11 -> 0 | H15: ='1'!F11 -> 0 | I15: ='1'!G11 -> 0 | J15: ='1'!H11 -> 0 | K15: ='1'!I11 -> 0 | ... U15: ='1'!S11 -> 0
C16: [50,54] | D16: ='1'!B12 -> 0 | E16: ='1'!C12 -> 0 | F16: ='1'!D12 -> 0 | G16: ='1'!E12 -> 0 | H16: ='1'!F12 -> 0 | I16: ='1'!G12 -> 0 | J16: ='1'!H12 -> 0 | K16: ='1'!I12 -> 0 | ... U16: ='1'!S12 -> 0
C17: [55,59] | D17: ='1'!B13 -> 0 | E17: ='1'!C13 -> 0 | F17: ='1'!D13 -> 0 | G17: ='1'!E13 -> 0 | H17: ='1'!F13 -> 0 | I17: ='1'!G13 -> 0 | J17: ='1'!H13 -> 0 | K17: ='1'!I13 -> 0 | ... U17: ='1'!S13 -> 0
C18: >=60 | D18: ='1'!B14 -> 0 | E18: ='1'!C14 -> 0 | F18: ='1'!D14 -> 0 | G18: ='1'!E14 -> 0 | H18: ='1'!F14 -> 0 | I18: ='1'!G14 -> 0 | J18: ='1'!H14 -> 0 | K18: ='1'!I14 -> 0 | ... U18: ='1'!S14 -> 0
B19: 城市等级 | C19: 1 | D19: ='1'!B16 -> 0 | E19: ='1'!C16 -> 0 | F19: ='1'!D16 -> 0 | G19: ='1'!E16 -> 0 | H19: ='1'!F16 -> 0 | I19: ='1'!G16 -> 0 | J19: ='1'!H16 -> 0 | K19: ='1'!I16 -> 0 | ... U19: ='1'!S16 -> 0
C20: 2 | D20: ='1'!B17 -> 0 | E20: ='1'!C17 -> 0 | F20: ='1'!D17 -> 0 | G20: ='1'!E17 -> 0 | H20: ='1'!F17 -> 0 | I20: ='1'!G17 -> 0 | J20: ='1'!H17 -> 0 | K20: ='1'!I17 -> 0 | ... U20: ='1'!S17 -> 0
C21: 3 | D21: ='1'!B18 -> 0 | E21: ='1'!C18 -> 0 | F21: ='1'!D18 -> 0 | G21: ='1'!E18 -> 0 | H21: ='1'!F18 -> 0 | I21: ='1'!G18 -> 0 | J21: ='1'!H18 -> 0 | K21: ='1'!I18 -> 0 | ... U21: ='1'!S18 -> 0
C22: 4 | D22: ='1'!B19 -> 0 | E22: ='1'!C19 -> 0 | F22: ='1'!D19 -> 0 | G22: ='1'!E19 -> 0 | H22: ='1'!F19 -> 0 | I22: ='1'!G19 -> 0 | J22: ='1'!H19 -> 0 | K22: ='1'!I19 -> 0 | ... U22: ='1'!S19 -> 0
C23: 5 | D23: ='1'!B20 -> 0 | E23: ='1'!C20 -> 0 | F23: ='1'!D20 -> 0 | G23: ='1'!E20 -> 0 | H23: ='1'!F20 -> 0 | I23: ='1'!G20 -> 0 | J23: ='1'!H20 -> 0 | K23: ='1'!I20 -> 0 | ... U23: ='1'!S20 -> 0
C24: 6 | D24: ='1'!B21 -> 0 | E24: ='1'!C21 -> 0 | F24: ='1'!D21 -> 0 | G24: ='1'!E21 -> 0 | H24: ='1'!F21 -> 0 | I24: ='1'!G21 -> 0 | J24: ='1'!H21 -> 0 | K24: ='1'!I21 -> 0 | ... U24: ='1'!S21 -> 0
B25: 购买力 | C25: L5 | D25: ='1'!B23 -> 0 | E25: ='1'!C23 -> 0 | F25: ='1'!D23 -> 0 | G25: ='1'!E23 -> 0 | H25: ='1'!F23 -> 0 | I25: ='1'!G23 -> 0 | J25: ='1'!H23 -> 0 | K25: ='1'!I23 -> 0 | ... U25: ='1'!S23 -> 0
C26: L4 | D26: ='1'!B24 -> 0 | E26: ='1'!C24 -> 0 | F26: ='1'!D24 -> 0 | G26: ='1'!E24 -> 0 | H26: ='1'!F24 -> 0 | I26: ='1'!G24 -> 0 | J26: ='1'!H24 -> 0 | K26: ='1'!I24 -> 0 | ... U26: ='1'!S24 -> 0
C27: L3 | D27: ='1'!B25 -> 0 | E27: ='1'!C25 -> 0 | F27: ='1'!D25 -> 0 | G27: ='1'!E25 -> 0 | H27: ='1'!F25 -> 0 | I27: ='1'!G25 -> 0 | J27: ='1'!H25 -> 0 | K27: ='1'!I25 -> 0 | ... U27: ='1'!S25 -> 0
C28: L2 | D28: ='1'!B26 -> 0 | E28: ='1'!C26 -> 0 | F28: ='1'!D26 -> 0 | G28: ='1'!E26 -> 0 | H28: ='1'!F26 -> 0 | I28: ='1'!G26 -> 0 | J28: ='1'!H26 -> 0 | K28: ='1'!I26 -> 0 | ... U28: ='1'!S26 -> 0
C29: L1 | D29: ='1'!B27 -> 0 | E29: ='1'!C27 -> 0 | F29: ='1'!D27 -> 0 | G29: ='1'!E27 -> 0 | H29: ='1'!F27 -> 0 | I29: ='1'!G27 -> 0 | J29: ='1'!H27 -> 0 | K29: ='1'!I27 -> 0 | ... U29: ='1'!S27 -> 0
B30: 策略人群 | C30: 新锐白领 | D30: ='1'!B29 -> 0 | E30: ='1'!C29 -> 0 | F30: ='1'!D29 -> 0 | G30: ='1'!E29 -> 0 | H30: ='1'!F29 -> 0 | I30: ='1'!G29 -> 0 | J30: ='1'!H29 -> 0 | K30: ='1'!I29 -> 0 | ... U30: ='1'!S29 -> 0
C31: 小镇中年 | D31: ='1'!B30 -> 0 | E31: ='1'!C30 -> 0 | F31: ='1'!D30 -> 0 | G31: ='1'!E30 -> 0 | H31: ='1'!F30 -> 0 | I31: ='1'!G30 -> 0 | J31: ='1'!H30 -> 0 | K31: ='1'!I30 -> 0 | ... U31: ='1'!S30 -> 0
C32: 资深白领 | D32: ='1'!B31 -> 0 | E32: ='1'!C31 -> 0 | F32: ='1'!D31 -> 0 | G32: ='1'!E31 -> 0 | H32: ='1'!F31 -> 0 | I32: ='1'!G31 -> 0 | J32: ='1'!H31 -> 0 | K32: ='1'!I31 -> 0 | ... U32: ='1'!S31 -> 0
C33: 小镇青年 | D33: ='1'!B32 -> 0 | E33: ='1'!C32 -> 0 | F33: ='1'!D32 -> 0 | G33: ='1'!E32 -> 0 | H33: ='1'!F32 -> 0 | I33: ='1'!G32 -> 0 | J33: ='1'!H32 -> 0 | K33: ='1'!I32 -> 0 | ... U33: ='1'!S32 -> 0
C34: 精致妈妈 | D34: ='1'!B33 -> 0 | E34: ='1'!C33 -> 0 | F34: ='1'!D33 -> 0 | G34: ='1'!E33 -> 0 | H34: ='1'!F33 -> 0 | I34: ='1'!G33 -> 0 | J34: ='1'!H33 -> 0 | K34: ='1'!I33 -> 0 | ... U34: ='1'!S33 -> 0
C35: Z时代人群 | D35: ='1'!B34 -> 0 | E35: ='1'!C34 -> 0 | F35: ='1'!D34 -> 0 | G35: ='1'!E34 -> 0 | H35: ='1'!F34 -> 0 | I35: ='1'!G34 -> 0 | J35: ='1'!H34 -> 0 | K35: ='1'!I34 -> 0 | ... U35: ='1'!S34 -> 0
C36: 都市蓝领 | D36: ='1'!B35 -> 0 | E36: ='1'!C35 -> 0 | F36: ='1'!D35 -> 0 | G36: ='1'!E35 -> 0 | H36: ='1'!F35 -> 0 | I36: ='1'!G35 -> 0 | J36: ='1'!H35 -> 0 | K36: ='1'!I35 -> 0 | ... U36: ='1'!S35 -> 0
C37: 小镇老年 | D37: ='1'!B36 -> 0 | E37: ='1'!C36 -> 0 | F37: ='1'!D36 -> 0 | G37: ='1'!E36 -> 0 | H37: ='1'!F36 -> 0 | I37: ='1'!G36 -> 0 | J37: ='1'!H36 -> 0 | K37: ='1'!I36 -> 0 | ... U37: ='1'!S36 -> 0
C38: 都市银发族 | D38: ='1'!B37 -> 0 | E38: ='1'!C37 -> 0 | F38: ='1'!D37 -> 0 | G38: ='1'!E37 -> 0 | H38: ='1'!F37 -> 0 | I38: ='1'!G37 -> 0 | J38: ='1'!H37 -> 0 | K38: ='1'!I37 -> 0 | ... U38: ='1'!S37 -> 0
B39: 预测人生阶段 | C39: 子女成年期 | D39: ='1'!B39 -> 0 | E39: ='1'!C39 -> 0 | F39: ='1'!D39 -> 0 | G39: ='1'!E39 -> 0 | H39: ='1'!F39 -> 0 | I39: ='1'!G39 -> 0 | J39: ='1'!H39 -> 0 | K39: ='1'!I39 -> 0 | ... U39: ='1'!S39 -> 0
C40: 养育期 | D40: ='1'!B40 -> 0 | E40: ='1'!C40 -> 0 | F40: ='1'!D40 -> 0 | G40: ='1'!E40 -> 0 | H40: ='1'!F40 -> 0 | I40: ='1'!G40 -> 0 | J40: ='1'!H40 -> 0 | K40: ='1'!I40 -> 0 | ... U40: ='1'!S40 -> 0
C41: 已婚未育期 | D41: ='1'!B41 -> 0 | E41: ='1'!C41 -> 0 | F41: ='1'!D41 -> 0 | G41: ='1'!E41 -> 0 | H41: ='1'!F41 -> 0 | I41: ='1'!G41 -> 0 | J41: ='1'!H41 -> 0 | K41: ='1'!I41 -> 0 | ... U41: ='1'!S41 -> 0
C42: 单身期 | D42: ='1'!B42 -> 0 | E42: ='1'!C42 -> 0 | F42: ='1'!D42 -> 0 | G42: ='1'!E42 -> 0 | H42: ='1'!F42 -> 0 | I42: ='1'!G42 -> 0 | J42: ='1'!H42 -> 0 | K42: ='1'!I42 -> 0 | ... U42: ='1'!S42 -> 0

Sheet 1
A1: A
A2: 人群量级
A3: 性别男
A4: 性别女
A5: 性别未知
A6: 年龄[18,24]
A7: 年龄[25,29]
A8: 年龄[30,34]
A9: 年龄[35,39]
A10: 年龄[40,44]
A11: 年龄[45,49]
A12: 年龄[50,54]
... A220: 十大策略人群未知
